z \ x,-239.8872,-239.8871,-239.887,-239.8869,-239.8868,-239.8867,-239.8866,-239.8865,-239.8864,-239.8863,-239.8862,-239.8861,-239.886,-239.8859,-239.8858,-239.8857
824.09,No,No,No,No,No,No,No,No,No,No,No,No,No,No,No,No
824.095,No,No,No,No,No,No,No,No,No,No,No,No,No,No,Yes,No
824.1,No,No,No,No,No,No,No,No,No,No,No,No,No,No,Yes,No
824.105,No,No,No,No,No,No,No,No,No,No,No,No,No,Yes,Yes,No
824.11,No,No,No,No,No,No,No,No,No,No,No,No,No,Yes,Yes,No
824.115,No,No,No,No,No,No,No,No,No,No,No,No,No,Yes,Yes,No
824.12,No,No,No,No,No,No,No,No,No,No,No,No,Yes,Yes,Yes,No
824.125,No,No,No,No,No,No,No,No,No,No,No,No,Yes,Yes,Yes,No
824.13,No,No,No,No,No,No,No,No,No,No,No,Yes,Yes,Yes,Yes,No
824.135,No,No,No,No,No,No,No,No,No,No,No,Yes,Yes,Yes,Yes,No
824.14,No,No,No,No,No,No,No,No,No,No,No,Yes,Yes,Yes,Yes,No
824.145,No,No,No,No,No,No,No,No,No,No,Yes,Yes,Yes,Yes,Yes,No
824.15,No,No,No,No,No,No,No,No,No,No,Yes,Yes,Yes,Yes,Yes,No
824.155,No,No,No,No,No,No,No,No,No,No,Yes,Yes,Yes,Yes,Yes,No
824.16,No,No,No,No,No,No,No,No,No,Yes,Yes,Yes,Yes,Yes,Yes,No
824.165,No,No,No,No,No,No,No,No,No,Yes,Yes,Yes,Yes,Yes,Yes,No
824.17,No,No,No,No,No,No,No,No,Yes,Yes,Yes,Yes,Yes,Yes,Yes,No
824.175,No,No,No,No,No,No,No,No,Yes,Yes,Yes,Yes,Yes,Yes,Yes,No
824.18,No,No,No,No,No,No,No,No,Yes,Yes,Yes,Yes,Yes,Yes,Yes,No
824.185,No,No,No,No,No,No,No,Yes,Yes,Yes,Yes,Yes,Yes,Yes,Yes,No
824.19,No,No,No,No,No,No,No,Yes,Yes,Yes,Yes,Yes,Yes,Yes,Yes,No
824.195,No,No,No,No,No,No,No,Yes,Yes,Yes,Yes,Yes,Yes,Yes,Yes,No
824.2,No,No,No,No,No,No,Yes,Yes,Yes,Yes,Yes,Yes,Yes,Yes,Yes,No
824.205,No,No,No,No,No,No,Yes,Yes,Yes,Yes,Yes,Yes,Yes,Yes,Yes,No
824.21,No,No,No,No,No,Yes,Yes,Yes,Yes,Yes,Yes,Yes,Yes,Yes,Yes,No
824.215,No,No,No,No,No,Yes,Yes,Yes,Yes,Yes,Yes,Yes,Yes,Yes,Yes,No
824.22,No,No,No,No,No,Yes,Yes,Yes,Yes,Yes,Yes,Yes,Yes,Yes,Yes,No
824.225,No,No,No,No,Yes,Yes,Yes,Yes,Yes,Yes,Yes,Yes,Yes,Yes,Yes,No
824.23,No,No,No,No,Yes,Yes,Yes,Yes,Yes,Yes,Yes,Yes,Yes,Yes,Yes,No
824.235,No,No,No,No,Yes,Yes,Yes,Yes,Yes,Yes,Yes,Yes,Yes,Yes,Yes,No
824.24,No,No,No,Yes,Yes,Yes,Yes,Yes,Yes,Yes,Yes,Yes,Yes,Yes,Yes,No
824.245,No,No,No,Yes,Yes,Yes,Yes,Yes,Yes,Yes,Yes,Yes,Yes,Yes,Yes,No
824.25,No,No,Yes,Yes,Yes,Yes,Yes,Yes,Yes,Yes,Yes,Yes,Yes,Yes,Yes,No
824.255,No,No,Yes,Yes,Yes,Yes,Yes,Yes,Yes,Yes,Yes,Yes,Yes,Yes,Yes,No
824.26,No,No,No,No,No,No,No,No,No,No,No,No,No,No,No,No
824.265,No,No,No,No,No,No,No,No,No,No,No,No,No,No,No,No