z \ x,-239.7962,-239.7961,-239.796,-239.7959,-239.7958,-239.7957,-239.7956,-239.7955,-239.7954,-239.7953,-239.7952,-239.7951,-239.795,-239.7949,-239.7948,-239.7947,-239.7946,-239.7945,-239.7944,-239.7943,-239.7942
824.06,No,No,No,No,No,No,No,No,No,No,No,No,No,No,No,No,No,No,No,No,No
824.065,No,No,No,No,No,No,No,No,No,No,No,No,No,No,No,No,No,No,No,No,No
824.07,No,No,No,No,No,No,No,No,No,No,No,No,No,No,No,No,No,No,No,No,No
824.075,No,No,No,No,No,No,No,No,No,No,No,No,No,No,No,No,No,No,No,No,No
824.08,No,No,No,No,No,No,No,No,No,No,No,No,No,No,No,No,No,No,No,No,No
824.085,No,No,No,No,No,No,No,No,No,No,No,No,No,No,No,No,No,No,No,No,No
824.09,No,No,No,No,No,No,No,No,No,No,No,No,No,No,No,No,No,No,No,No,No
824.095,No,No,No,No,No,No,No,No,No,No,No,No,No,No,No,No,No,No,No,No,No
824.1,No,No,No,No,No,No,No,No,No,No,No,No,No,No,No,No,No,No,Yes,No,No
824.105,No,No,No,No,No,No,No,No,No,No,No,No,No,No,No,No,No,Yes,Yes,No,No
824.11,No,No,No,No,No,No,No,No,No,No,No,No,No,No,No,No,No,Yes,Yes,No,No
824.115,No,No,No,No,No,No,No,No,No,No,No,No,No,No,No,No,Yes,Yes,Yes,No,No
824.12,No,No,No,No,No,No,No,No,No,No,No,No,No,No,No,Yes,Yes,Yes,Yes,No,No
824.125,No,No,No,No,No,No,No,No,No,No,No,No,No,No,No,Yes,Yes,Yes,Yes,No,No
824.13,No,No,No,No,No,No,No,No,No,No,No,No,No,No,Yes,Yes,Yes,Yes,Yes,No,No
824.135,No,No,No,No,No,No,No,No,No,No,No,No,No,Yes,Yes,Yes,Yes,Yes,Yes,No,No
824.14,No,No,No,No,No,No,No,No,No,No,No,No,No,Yes,Yes,Yes,Yes,Yes,Yes,No,No
824.145,No,No,No,No,No,No,No,No,No,No,No,No,Yes,Yes,Yes,Yes,Yes,Yes,Yes,No,No
824.15,No,No,No,No,No,No,No,No,No,No,No,Yes,Yes,Yes,Yes,Yes,Yes,Yes,Yes,No,No
824.155,No,No,No,No,No,No,No,No,No,No,No,Yes,Yes,Yes,Yes,Yes,Yes,Yes,Yes,No,No
824.16,No,No,No,No,No,No,No,No,No,No,Yes,Yes,Yes,Yes,Yes,Yes,Yes,Yes,Yes,No,No
824.165,No,No,No,No,No,No,No,No,No,Yes,Yes,Yes,Yes,Yes,Yes,Yes,Yes,Yes,Yes,No,No
824.17,No,No,No,No,No,No,No,No,Yes,Yes,Yes,Yes,Yes,Yes,Yes,Yes,Yes,Yes,Yes,No,No
824.175,No,No,No,No,No,No,No,No,Yes,Yes,Yes,Yes,Yes,Yes,Yes,Yes,Yes,Yes,Yes,No,No
824.18,No,No,No,No,No,No,No,Yes,Yes,Yes,Yes,Yes,Yes,Yes,Yes,Yes,Yes,Yes,Yes,No,No
824.185,No,No,No,No,No,No,Yes,Yes,Yes,Yes,Yes,Yes,Yes,Yes,Yes,Yes,Yes,Yes,Yes,No,No
824.19,No,No,No,No,No,No,Yes,Yes,Yes,Yes,Yes,Yes,Yes,Yes,Yes,Yes,Yes,Yes,Yes,No,No
824.195,No,No,No,No,No,Yes,Yes,Yes,Yes,Yes,Yes,Yes,Yes,Yes,Yes,Yes,Yes,Yes,Yes,No,No
824.2,No,No,No,No,Yes,Yes,Yes,Yes,Yes,Yes,Yes,Yes,Yes,Yes,Yes,Yes,Yes,Yes,Yes,No,No
824.205,No,No,No,No,Yes,Yes,Yes,Yes,Yes,Yes,Yes,Yes,Yes,Yes,Yes,Yes,Yes,Yes,Yes,No,No
824.21,No,No,No,Yes,Yes,Yes,Yes,Yes,Yes,Yes,Yes,Yes,Yes,Yes,Yes,Yes,Yes,Yes,Yes,No,No
824.215,No,No,Yes,Yes,Yes,Yes,Yes,Yes,Yes,Yes,Yes,Yes,Yes,Yes,Yes,Yes,Yes,Yes,Yes,No,No
824.22,No,No,No,No,No,No,No,No,No,No,No,No,No,No,No,No,No,No,No,No,No
824.225,No,No,No,No,No,No,No,No,No,No,No,No,No,No,No,No,No,No,No,No,No