z \ x,-239.6121,-239.612,-239.6119,-239.6118,-239.6117,-239.6116,-239.6115,-239.6114,-239.6113,-239.6112,-239.6111,-239.611,-239.6109,-239.6108
824.084,No,No,No,No,No,No,No,No,No,No,No,No,No,No
824.086,No,No,No,No,No,No,No,No,No,No,No,No,No,No
824.088,No,No,No,No,No,No,No,No,No,No,No,No,No,No
824.09,No,No,No,No,No,No,No,No,No,No,No,No,No,No
824.092,No,No,No,No,No,No,No,No,No,No,No,No,No,No
824.094,No,No,No,No,No,No,No,No,No,No,No,No,No,No
824.096,No,No,No,No,No,No,No,No,No,No,No,No,No,No
824.098,No,No,No,No,No,No,No,No,No,No,No,Yes,No,No
824.1,No,No,No,No,No,No,No,No,No,No,No,Yes,No,No
824.102,No,No,No,No,No,No,No,No,No,No,Yes,Yes,No,No
824.104,No,No,No,No,No,No,No,No,No,No,Yes,Yes,No,No
824.106,No,No,No,No,No,No,No,No,No,Yes,Yes,Yes,No,No
824.108,No,No,No,No,No,No,No,No,No,Yes,Yes,Yes,No,No
824.11,No,No,No,No,No,No,No,No,Yes,Yes,Yes,Yes,No,No
824.112,No,No,No,No,No,No,No,No,Yes,Yes,Yes,Yes,No,No
824.114,No,No,No,No,No,No,No,Yes,Yes,Yes,Yes,Yes,No,No
824.116,No,No,No,No,No,No,No,Yes,Yes,Yes,Yes,Yes,No,No
824.118,No,No,No,No,No,No,Yes,Yes,Yes,Yes,Yes,Yes,No,No
824.12,No,No,No,No,No,No,Yes,Yes,Yes,Yes,Yes,Yes,No,No
824.122,No,No,No,No,No,Yes,Yes,Yes,Yes,Yes,Yes,Yes,No,No
824.124,No,No,No,No,Yes,Yes,Yes,Yes,Yes,Yes,Yes,Yes,No,No
824.126,No,No,No,No,Yes,Yes,Yes,Yes,Yes,Yes,Yes,Yes,No,No
824.128,No,No,No,No,Yes,Yes,Yes,Yes,Yes,Yes,Yes,Yes,No,No
824.13,No,No,No,Yes,Yes,Yes,Yes,Yes,Yes,Yes,Yes,Yes,No,No
824.132,No,No,Yes,Yes,Yes,Yes,Yes,Yes,Yes,Yes,Yes,Yes,No,No
824.134,No,No,Yes,Yes,Yes,Yes,Yes,Yes,Yes,Yes,Yes,Yes,No,No
824.136,No,No,No,No,No,No,No,No,No,No,No,No,No,No
824.138,No,No,No,No,No,No,No,No,No,No,No,No,No,No