z \ x,-239.5892,-239.5891,-239.589,-239.5889,-239.5888,-239.5887,-239.5886,-239.5885,-239.5884,-239.5883,-239.5882,-239.5881,-239.588,-239.5879,-239.5878,-239.5877,-239.5876
824.078,No,No,No,No,No,No,No,No,No,No,No,No,No,No,No,No,No
824.08,No,No,No,No,No,No,No,No,No,No,No,No,No,No,No,No,No
824.082,No,No,No,No,No,No,No,No,No,No,No,No,No,No,No,No,No
824.084,No,No,No,No,No,No,No,No,No,No,No,No,No,No,No,No,No
824.086,No,No,No,No,No,No,No,No,No,No,No,No,No,No,No,No,No
824.088,No,No,No,No,No,No,No,No,No,No,No,No,No,No,No,No,No
824.09,No,No,No,No,No,No,No,No,No,No,No,No,No,No,No,No,No
824.092,No,No,No,No,No,No,No,No,No,No,No,No,No,No,No,No,No
824.094,No,No,No,No,No,No,No,No,No,No,No,No,No,No,No,No,No
824.096,No,No,No,No,No,No,No,No,No,No,Yes,No,No,No,No,No,No
824.098,No,No,No,No,No,No,No,No,No,No,Yes,No,No,No,No,No,No
824.1,No,No,No,No,No,No,No,No,No,Yes,Yes,No,No,No,No,No,No
824.102,No,No,No,No,No,No,No,No,No,Yes,Yes,No,No,No,No,No,No
824.104,No,No,No,No,No,No,No,No,Yes,Yes,Yes,No,No,No,No,No,No
824.106,No,No,No,No,No,No,No,No,Yes,Yes,Yes,No,No,No,No,No,No
824.108,No,No,No,No,No,No,No,Yes,Yes,Yes,Yes,No,No,No,No,No,No
824.11,No,No,No,No,No,No,No,Yes,Yes,Yes,Yes,No,No,No,No,No,No
824.112,No,No,No,No,No,No,Yes,Yes,Yes,Yes,Yes,No,No,No,No,No,No
824.114,No,No,No,No,No,Yes,Yes,Yes,Yes,Yes,Yes,No,No,No,No,No,No
824.116,No,No,No,No,No,Yes,Yes,Yes,Yes,Yes,Yes,No,No,No,No,No,No
824.118,No,No,No,No,Yes,Yes,Yes,Yes,Yes,Yes,Yes,No,No,No,No,No,No
824.12,No,No,No,No,Yes,Yes,Yes,Yes,Yes,Yes,Yes,No,No,No,No,No,No
824.122,No,No,No,Yes,Yes,Yes,Yes,Yes,Yes,Yes,Yes,No,No,No,No,No,No
824.124,No,No,No,Yes,Yes,Yes,Yes,Yes,Yes,Yes,Yes,No,No,No,No,No,No
824.126,No,No,No,No,No,No,No,No,No,No,No,No,No,No,No,No,No
824.128,No,No,No,No,No,No,No,No,No,No,No,No,No,No,No,No,No