z \ x,-239.9097,-239.9096,-239.9095,-239.9094,-239.9093,-239.9092,-239.9091,-239.909,-239.9089,-239.9088,-239.9087,-239.9086,-239.9085,-239.9084
824.04,No,No,No,No,No,No,No,No,No,No,No,No,No,No
824.05,No,No,No,No,No,No,No,No,No,No,No,No,No,No
824.06,No,No,No,No,No,No,No,No,No,No,No,No,No,No
824.07,No,No,No,No,No,No,No,No,No,No,No,No,No,No
824.08,No,No,No,No,No,No,No,No,No,No,No,No,No,No
824.09,No,No,No,No,No,No,No,No,No,No,No,No,No,No
824.1,No,No,No,No,No,No,No,No,No,No,No,Yes,No,No
824.11,No,No,No,No,No,No,No,No,No,No,No,Yes,No,No
824.12,No,No,No,No,No,No,No,No,No,No,Yes,Yes,No,No
824.13,No,No,No,No,No,No,No,No,No,No,Yes,Yes,No,No
824.14,No,No,No,No,No,No,No,No,No,Yes,Yes,Yes,No,No
824.15,No,No,No,No,No,No,No,No,Yes,Yes,Yes,Yes,No,No
824.16,No,No,No,No,No,No,No,No,Yes,Yes,Yes,Yes,No,No
824.17,No,No,No,No,No,No,No,Yes,Yes,Yes,Yes,Yes,No,No
824.18,No,No,No,No,No,No,No,Yes,Yes,Yes,Yes,Yes,No,No
824.19,No,No,No,No,No,No,Yes,Yes,Yes,Yes,Yes,Yes,No,No
824.2,No,No,No,No,No,Yes,Yes,Yes,Yes,Yes,Yes,Yes,No,No
824.21,No,No,No,No,No,Yes,Yes,Yes,Yes,Yes,Yes,Yes,No,No
824.22,No,No,No,No,Yes,Yes,Yes,Yes,Yes,Yes,Yes,Yes,No,No
824.23,No,No,No,Yes,Yes,Yes,Yes,Yes,Yes,Yes,Yes,Yes,No,No
824.24,No,No,No,Yes,Yes,Yes,Yes,Yes,Yes,Yes,Yes,Yes,No,No
824.25,No,No,Yes,Yes,Yes,Yes,Yes,Yes,Yes,Yes,Yes,Yes,No,No
824.26,No,No,Yes,Yes,Yes,Yes,Yes,Yes,Yes,Yes,Yes,Yes,No,No
824.27,No,No,No,No,No,No,No,No,No,No,No,No,No,No
824.28,No,No,No,No,No,No,No,No,No,No,No,No,No,No