z \ x,-239.9778,-239.97775,-239.9777,-239.97765,-239.9776,-239.97755,-239.9775,-239.97745,-239.9774,-239.97735,-239.9773,-239.97725,-239.9772,-239.97715,-239.9771,-239.97705
824.095,No,No,No,No,No,No,No,No,No,No,No,No,No,No,No,No
824.1,No,No,No,No,No,No,No,No,No,No,No,No,No,No,No,No
824.105,No,No,No,No,No,No,No,No,No,No,No,No,No,No,No,No
824.11,No,No,No,No,No,No,No,No,No,No,No,No,No,No,No,No
824.115,No,No,No,No,No,No,No,No,No,No,No,No,No,No,No,No
824.12,No,No,No,No,No,No,No,No,No,No,Yes,No,No,No,No,No
824.125,No,No,No,No,No,No,No,No,No,No,Yes,No,No,No,No,No
824.13,No,No,No,No,No,No,No,No,No,No,Yes,No,No,No,No,No
824.135,No,No,No,No,No,No,No,No,No,No,Yes,No,No,No,No,No
824.14,No,No,No,No,No,No,No,No,No,No,Yes,No,No,No,No,No
824.145,No,No,No,No,No,No,No,No,No,No,Yes,No,No,No,No,No
824.15,No,No,No,No,No,No,No,No,No,No,Yes,No,No,No,No,No
824.155,No,No,No,No,No,No,No,No,No,No,Yes,No,No,No,No,No
824.16,No,No,No,No,No,No,No,No,No,Yes,Yes,No,No,No,No,No
824.165,No,No,No,No,No,No,No,No,No,Yes,Yes,No,No,No,No,No
824.17,No,No,No,No,No,No,No,No,No,Yes,Yes,No,No,No,No,No
824.175,No,No,No,No,No,No,No,No,No,Yes,Yes,No,No,No,No,No
824.18,No,No,No,No,No,No,No,No,No,Yes,Yes,No,No,No,No,No
824.185,No,No,No,No,No,No,No,No,No,Yes,Yes,No,No,No,No,No
824.19,No,No,No,No,No,No,No,No,Yes,Yes,Yes,No,No,No,No,No
824.195,No,No,No,No,No,No,No,No,Yes,Yes,Yes,No,No,No,No,No
824.2,No,No,No,No,No,No,No,No,Yes,Yes,Yes,No,No,No,No,No
824.205,No,No,No,No,No,No,No,No,Yes,Yes,Yes,No,No,No,No,No
824.21,No,No,No,No,No,No,No,No,Yes,Yes,Yes,No,No,No,No,No
824.215,No,No,No,No,No,No,No,No,Yes,Yes,Yes,No,No,No,No,No
824.22,No,No,No,No,No,No,No,Yes,Yes,Yes,Yes,No,No,No,No,No
824.225,No,No,No,No,No,No,No,Yes,Yes,Yes,Yes,No,No,No,No,No
824.23,No,No,No,No,No,No,No,Yes,Yes,Yes,Yes,No,No,No,No,No
824.235,No,No,No,No,No,No,No,Yes,Yes,Yes,Yes,No,No,No,No,No
824.24,No,No,No,No,No,No,No,Yes,Yes,Yes,Yes,No,No,No,No,No
824.245,No,No,No,No,No,No,No,Yes,Yes,Yes,Yes,No,No,No,No,No
824.25,No,No,No,No,No,No,Yes,Yes,Yes,Yes,Yes,No,No,No,No,No
824.255,No,No,No,No,No,No,Yes,Yes,Yes,Yes,Yes,No,No,No,No,No
824.26,No,No,No,No,No,No,Yes,Yes,Yes,Yes,Yes,No,No,No,No,No
824.265,No,No,No,No,No,No,Yes,Yes,Yes,Yes,Yes,No,No,No,No,No
824.27,No,No,No,No,No,No,Yes,Yes,Yes,Yes,Yes,No,No,No,No,No
824.275,No,No,No,No,No,No,Yes,Yes,Yes,Yes,Yes,No,No,No,No,No
824.28,No,No,No,No,No,No,Yes,Yes,Yes,Yes,Yes,No,No,No,No,No
824.285,No,No,No,No,No,No,Yes,Yes,Yes,Yes,Yes,No,No,No,No,No
824.29,No,No,No,No,No,Yes,Yes,Yes,Yes,Yes,Yes,No,No,No,No,No
824.295,No,No,No,No,No,Yes,Yes,Yes,Yes,Yes,Yes,No,No,No,No,No
824.3,No,No,No,No,No,No,No,No,No,No,No,No,No,No,No,No
824.305,No,No,No,No,No,No,No,No,No,No,No,No,No,No,No,No