z \ x,-239.6356,-239.6355,-239.6354,-239.6353,-239.6352,-239.6351,-239.635,-239.6349,-239.6348,-239.6347,-239.6346,-239.6345,-239.6344,-239.6343,-239.6342,-239.6341
824.082,No,No,No,No,No,No,No,No,No,No,No,No,No,No,No,No
824.084,No,No,No,No,No,No,No,No,No,No,No,No,No,No,No,No
824.086,No,No,No,No,No,No,No,No,No,No,No,No,No,No,No,No
824.088,No,No,No,No,No,No,No,No,No,No,No,No,No,No,No,No
824.09,No,No,No,No,No,No,No,No,No,No,No,No,No,No,No,No
824.092,No,No,No,No,No,No,No,No,No,No,No,No,No,No,No,No
824.094,No,No,No,No,No,No,No,No,No,No,No,No,No,No,No,No
824.096,No,No,No,No,No,No,No,No,No,No,No,No,No,No,No,No
824.098,No,No,No,No,No,No,No,No,No,No,No,No,No,No,Yes,No
824.1,No,No,No,No,No,No,No,No,No,No,No,No,No,No,Yes,No
824.102,No,No,No,No,No,No,No,No,No,No,No,No,No,Yes,Yes,No
824.104,No,No,No,No,No,No,No,No,No,No,No,No,No,Yes,Yes,No
824.106,No,No,No,No,No,No,No,No,No,No,No,No,Yes,Yes,Yes,No
824.108,No,No,No,No,No,No,No,No,No,No,No,No,Yes,Yes,Yes,No
824.11,No,No,No,No,No,No,No,No,No,No,No,Yes,Yes,Yes,Yes,No
824.112,No,No,No,No,No,No,No,No,No,No,No,Yes,Yes,Yes,Yes,No
824.114,No,No,No,No,No,No,No,No,No,No,Yes,Yes,Yes,Yes,Yes,No
824.116,No,No,No,No,No,No,No,No,No,No,Yes,Yes,Yes,Yes,Yes,No
824.118,No,No,No,No,No,No,No,No,No,Yes,Yes,Yes,Yes,Yes,Yes,No
824.12,No,No,No,No,No,No,No,No,No,Yes,Yes,Yes,Yes,Yes,Yes,No
824.122,No,No,No,No,No,No,No,No,Yes,Yes,Yes,Yes,Yes,Yes,Yes,No
824.124,No,No,No,No,No,No,No,No,Yes,Yes,Yes,Yes,Yes,Yes,Yes,No
824.126,No,No,No,No,No,No,No,Yes,Yes,Yes,Yes,Yes,Yes,Yes,Yes,No
824.128,No,No,No,No,No,No,No,Yes,Yes,Yes,Yes,Yes,Yes,Yes,Yes,No
824.13,No,No,No,No,No,No,Yes,Yes,Yes,Yes,Yes,Yes,Yes,Yes,Yes,No
824.132,No,No,No,No,No,No,Yes,Yes,Yes,Yes,Yes,Yes,Yes,Yes,Yes,No
824.134,No,No,No,No,No,Yes,Yes,Yes,Yes,Yes,Yes,Yes,Yes,Yes,Yes,No
824.136,No,No,No,No,No,Yes,Yes,Yes,Yes,Yes,Yes,Yes,Yes,Yes,Yes,No
824.138,No,No,No,No,Yes,Yes,Yes,Yes,Yes,Yes,Yes,Yes,Yes,Yes,Yes,No
824.14,No,No,No,No,Yes,Yes,Yes,Yes,Yes,Yes,Yes,Yes,Yes,Yes,Yes,No
824.142,No,No,No,Yes,Yes,Yes,Yes,Yes,Yes,Yes,Yes,Yes,Yes,Yes,Yes,No
824.144,No,No,No,Yes,Yes,Yes,Yes,Yes,Yes,Yes,Yes,Yes,Yes,Yes,Yes,No
824.146,No,No,Yes,Yes,Yes,Yes,Yes,Yes,Yes,No,No,No,No,No,No,No
824.148,No,No,No,No,No,No,No,No,No,No,No,No,No,No,No,No
824.15,No,No,No,No,No,No,No,No,No,No,No,No,No,No,No,No