z \ x,-239.566,-239.56595,-239.5659,-239.56585,-239.5658,-239.56575,-239.5657,-239.56565,-239.5656,-239.56555,-239.5655,-239.56545,-239.5654
824.091,No,No,No,No,No,No,No,No,No,No,No,No,No
824.092,No,No,No,No,No,No,No,No,No,No,No,No,No
824.093,No,No,No,No,No,No,No,No,No,No,No,No,No
824.094,No,No,No,No,No,No,No,No,No,No,No,No,No
824.095,No,No,No,No,No,No,No,No,No,No,No,No,No
824.096,No,No,No,No,No,No,No,No,No,No,No,No,No
824.097,No,No,No,No,No,No,No,No,No,No,No,Yes,No
824.098,No,No,No,No,No,No,No,No,No,No,No,Yes,No
824.099,No,No,No,No,No,No,No,No,No,No,Yes,Yes,No
824.1,No,No,No,No,No,No,No,No,No,No,Yes,Yes,No
824.101,No,No,No,No,No,No,No,No,No,Yes,Yes,Yes,No
824.102,No,No,No,No,No,No,No,No,Yes,Yes,Yes,Yes,No
824.103,No,No,No,No,No,No,No,No,Yes,Yes,Yes,Yes,No
824.104,No,No,No,No,No,No,No,Yes,Yes,Yes,Yes,Yes,No
824.105,No,No,No,No,No,No,No,Yes,Yes,Yes,Yes,Yes,No
824.106,No,No,No,No,No,No,Yes,Yes,Yes,Yes,Yes,Yes,No
824.107,No,No,No,No,No,No,Yes,Yes,Yes,Yes,Yes,Yes,No
824.108,No,No,No,No,No,Yes,Yes,Yes,Yes,Yes,Yes,Yes,No
824.109,No,No,No,No,Yes,Yes,Yes,Yes,Yes,Yes,Yes,Yes,No
824.11,No,No,No,No,Yes,Yes,Yes,Yes,Yes,Yes,Yes,Yes,No
824.111,No,No,No,Yes,Yes,Yes,Yes,Yes,Yes,Yes,Yes,Yes,No
824.112,No,No,No,Yes,Yes,Yes,Yes,Yes,Yes,Yes,Yes,Yes,No
824.113,No,No,Yes,Yes,Yes,Yes,Yes,Yes,Yes,Yes,Yes,Yes,No
824.114,No,Yes,Yes,Yes,Yes,Yes,Yes,Yes,Yes,Yes,Yes,Yes,No
824.115,No,Yes,Yes,Yes,Yes,Yes,Yes,Yes,Yes,Yes,Yes,Yes,No
824.116,No,No,No,No,No,No,No,No,No,No,No,No,No
824.117,No,No,No,No,No,No,No,No,No,No,No,No,No